SDL001027434,910e8d
SDL002161503,910e8d
SDL003526562,910e8d
SDL003526562,e81b95
SDL008499958,910e8d
SDL014013795,910e8d
SDL019997203,910e8d
SDL022289791,910e8d
SDL022289791,e81b95
SDL028593381,910e8d
SDL029135170,aace21
SDL030576696,aace21
SDL038797803,00ee8f
SDL038797803,910e8d
SDL038797803,e81b95
SDL039125168,910e8d
SDL069018837,e81b95
SDL101280421,910e8d
SDL101280421,e81b95
SDL127801944,910e8d
SDL131708008,aace21
SDL137898638,e81b95
SDL145454781,e81b95
SDL179856582,910e8d
SDL239094094,910e8d
SDL257289577,910e8d
SDL259277029,910e8d
SDL335995713,910e8d
SDL357016611,910e8d
SDL401350950,910e8d
SDL417228724,00ee8f
SDL422220878,910e8d
SDL428036219,910e8d
SDL436414464,910e8d
SDL546591685,910e8d
SDL583665197,910e8d
SDL598409389,910e8d
SDL624613855,910e8d
SDL645650629,910e8d
SDL668069193,910e8d
SDL668069193,b56f58
SDL668069193,e81b95
SDL827783176,910e8d
SDL841476977,910e8d
SDL844124025,910e8d
SDL844124025,e81b95
SDL846071839,910e8d
SDL865442068,910e8d
SDL875369169,910e8d
SDL962843270,aace21
SDL987113278,aace21
SDL992056757,aace21
SDL996680229,910e8d
SDL998113389,aace21
SDL002749315,910e8d
SDL016910213,910e8d